<?xml version="1.0" encoding="UTF-8"?>
<project-private xmlns="http://www.netbeans.org/ns/project-private/1">
    <editor-bookmarks xmlns="http://www.netbeans.org/ns/editor-bookmarks/2" lastBookmarkId="0"/>
    <open-files xmlns="http://www.netbeans.org/ns/projectui-open-files/2">
        <group>
            <file>file:/C:/Users/jaevi/Downloads/Patrones/PatronTemplateMethod/src/ec/edu/vichi/edu/TemplateMethod/Facebook.java</file>
            <file>file:/C:/Users/jaevi/Downloads/Patrones/PatronTemplateMethod/src/ec/edu/vichi/edu/TemplateMethod/Twitter.java</file>
            <file>file:/C:/Users/jaevi/Downloads/Patrones/PatronTemplateMethod/src/ec/edu/vichi/edu/TemplateMethod/Network.java</file>
            <file>file:/C:/Users/jaevi/Downloads/Patrones/PatronTemplateMethod/src/ec/edu/vichi/edu/TemplateMethod/MainTemplateMethod.java</file>
        </group>
    </open-files>
</project-private>
